kwic_id,doc_id,doc_token_id,doc_file_name,token_count,hit_size,S1,S2,S3,L10,L9,L8,L7,L6,L5,L4,L3,L2,L1,R0,R1,R2,R3,R4,R5,R6,R7,R8,R9
6,1,290992,144133902.txt,981099,1,3,1,1,which ,in ,a ,gay ,"mood
",is ,apt ,to ,provoke ,a ,laugh ,of ,"derifioa.
",CON ( 267 ) ,"CON
",We ,rmift ,not ,"expeft, ",that 
5,1,290927,144133902.txt,981099,1,3,1,1,is ,"diftinguiffi-
",ed ,by ,the ,epithet ,of ,ridiculous ; ,and ,a ,laugh ,of ,"derifion
",or ,fcorn ,is ,the ,punilhment ,provided ,for 
4,1,290902,144133902.txt,981099,1,3,1,1,externally ,by ,a ,peculiar ,fort ,of ,"laugh, ","term¬
",ed ,a ,laugh ,of ,derifton ,or /,corn. ,An ,impropriety ,"that
",thus ,moves 
10,1,818588,144133902.txt,981099,1,2,1,1,"begin,
",I ,did ,"make,
/ ",did ,"dig,
/ ",did ,"hate,
",I ,did ,"laugh,
",I ,did ,"fill,
",I ,did ,"forbear,
","N
",I ,"died.
1 "
9,1,818289,144133902.txt,981099,1,2,1,1,"rejoice.
",I ,"begin.
",I ,"make.
",J ,"dig.
",I ,"hate.
",I ,"laugh.
",I ,"fill.
",I ,"forbear.
$66 )
",Obie-,"bam ;
",Gaudie-,"bam;
",loci 
8,1,291228,144133902.txt,981099,1,1,1,1,the ,greateft ,"value
",upon ,themfelves ,are ,the ,moft ,prone ,to ,laugh ,at ,"others.
","Pride, ",which ,is ,a ,vivid ,"paffion, ",pleafant 
13,2,850781,144133903.txt,860814,1,1,1,1,doth ,not ,love ,me ; ,nor ,a ,man ,"cannot
",make ,him ,laugh ; ,but ,that’,s ,no ,"marvel, ",he ,drinks ,"no
",wine. 
12,2,113445,144133903.txt,860814,1,1,1,1,grovel ,on ,the ,earth ,like ,epileptic ,"perfons, ",and ,"will
","Weep, ","laugh, ",gnafh ,their ,"teeth, ",gape ,with ,their ,"mouths,
",put ,out 
11,1,826826,144133902.txt,981099,1,1,1,1,"language,
",than ,the ,more ,humble ,drains ,of ,"Theocritus, ",or ,the ,"laugh¬
",ing ,fedivity ,of ,Anacreon: ,Equally ,adapted ,to ,all ,"purpofes,
"
1,0,138517,144133901.txt,688416,1,1,1,1,variety ,of ,"this
",fpecies ,from ,"America, ",which ,Edwards ,calls ,the ,"laugh-
",ing-,goofe; ,it ,has ,a ,white ,ring ,at ,the 
14,2,821011,144133903.txt,860814,1,1,1,1,"Ulfter ;
",bounded ,by ,"Londonderry, ",on ,the ,north ; ,by ,Armagh ,"and
",Laugh-,"neah, ",ontheeaft ; ,by ,Monaghan ,and ,"Fermanagh,
",on ,the ,fouth ; 
7,1,291088,144133902.txt,981099,1,1,1,1,impropriety ,of ,fome ,"adjions.
",That ,we ,know ,not ,whether ,to ,laugh ,or ,be ,"angry.
",It ,cannot ,"fail, ",to ,be ,"obferved, "
3,1,290898,144133902.txt,981099,1,1,1,1,the ,"fpeCtator,
",are ,expreffed ,externally ,by ,a ,peculiar ,fort ,of ,"laugh, ","term¬
",ed ,a ,laugh ,of ,derifton ,or /,corn. ,An 
2,0,682310,144133901.txt,688416,1,1,1,1,laughs ,at ,every ,"turn, ",in ,order ,to ',"make
",his ,readers ,laugh. ,The ,Lutrin ,is ,a ,burlefque ,"poem
",of ,the ,other 
