kwic_id,doc_id,doc_token_id,doc_file_name,token_count,hit_size,S1,S2,S3,L10,L9,L8,L7,L6,L5,L4,L3,L2,L1,R0,R1,R2,R3,R4,R5,R6,R7,R8,R9
8,2,798676,144133903.txt,860814,1,2,1,1,in ,honour ,of ,"Thefeus, ",confiding ,of ,fports ,and ,"games,
",with ,mirth ,and ,banquets : ,fuch ,as ,were ,"poor, ",and ,"unable
",to 
4,1,291499,144133902.txt,981099,1,2,1,1,of ,mankind. ,In ,the ,fpe&,"ators, ",it ,is ,produdHte ,"of
",mirth ,and ,"laughter, ",excellent ,recreation ,in ,an ,"interval
",from ,bufinefs.' 
1,1,38665,144133902.txt,981099,1,1,1,1,"fouth.
","CARNIVAL, ",or ,"Carnaval, ",a ,time ,of ,"rejoicing, ","a
",feafoaaf ,"mirth, ",obferved ,with ,great ,folemnity ,by ,"the
) ","CAR
","Italians, ",particularly 
2,1,64636,144133902.txt,981099,1,1,1,1,be ,the ,"more
",eafily ,"accommodated, ",by ,the ,gpod.,humour ,and ,"mirth,
",of ,the ,"entertainment.
","CHARITY, ",among ,"divines, ",one ,of ,the 
5,1,735807,144133902.txt,981099,1,1,1,1,"was
",fo ,called ,from ,the ,various ,exprefiions ,of ,joy ,and ,"mirth
",on ,this ,"occafion.
","HILARODI, ",in ,the ,ancient ,mufic ,and 
3,1,271039,144133902.txt,981099,1,1,1,1,end ,and ,purpofe ,of ,which ,is ,to ,excite ,gaiety ,or ,"mirth.
",Take ,the ,following ,"examples.
","FalftafF, ",fpeaking ,to ,his ,"page :
“ "
7,1,815516,144133902.txt,981099,1,1,1,1,is ,univerfally ,"under¬
",ftood ,by ,all ,mankind : ,thus ,laughter ,and ,mirth ,"univerfally
",exprefs ,chearfulnefs ,of ,mind; ,while ,"tears, ",in ,every 
6,1,776693,144133902.txt,981099,1,1,1,1,number ,of ,polemical ,writings ,"concerning
",grace ; ,and ,what ,occafioned ,fome ,"mirth, ",was ,the ,"titles
",which ,each ,party ,gave ,to ,their 
9,2,850425,144133903.txt,860814,1,1,1,1,extremely ,pleafant. ,Wit ,thereby ,gently ,elevates ,"with¬
",out ,"draining, ",railes ,mirth ,without ,"diflblutenefs, ",and ,"relaxes
",while ,it ,"entertains.
",Wit ,in 
