freq,range,S0_type,S0_type_id,S1_type,S1_type_id
1,1,laughter,50330,all,218
1,1,laughter,89648,an,255
2,2,laughter,50330,and,59
1,1,laughter,50330,at,116
1,1,laughter,50330,convulfions,5812
1,1,laughter,50330,excellent,2819
1,1,laughter,50330,in,88
1,1,laughter,50330,is,153
1,1,laughter,50330,lucian,63898
1,1,laughter,50330,merely,10651
1,1,laughter,50330,occafioned,2004
1,1,laughter,50330,of,90
1,1,laughter,50330,riding,120150
1,1,laughter,50330,telling,8221
2,2,laughter,50330,the,52
1,1,laughter,50330,when,2092
