kwic_id,doc_id,doc_token_id,doc_file_name,token_count,hit_size,S1,S2,S3,L10,L9,L8,L7,L6,L5,L4,L3,L2,L1,R0,R1,R2,R3,R4,R5,R6,R7,R8,R9
13,1,444038,144133902.txt,981099,1,3,1,1,a ,"difa¬
",greeable ,"manner, ",which ,gives ,him ,an ,air ,of ,"ridicule
",and ,derifion. ,If ,you ,cover ,his ,"eyes, ",he ,will 
7,0,682406,144133901.txt,688416,1,3,1,1,and ,the ,manner ,of ,handling ,"it, ",is ,what ,produces ,"the
",ridicule; ,and ,"therefore, ",in ,a ,compofition ,of ,this ,"kind,
",no 
11,1,291528,144133902.txt,981099,1,3,1,1,"fol¬
",lows. ,It ,is ,painful ,to ,be ,the ,fubjedt ,of ,ridicule ; ,and ,"to
",punilh ,with ,ridicule ,the ,man ,who ,is 
17,2,626117,144133903.txt,860814,1,2,1,1,"male
",of ,any ,beaft ,that ,has ,been ,but ,half ,"gelt.
","RIDICULE, ",in ,matters ,of ,"literature, ",is ,that ,fpecies ,"of
","writing, "
16,2,408649,144133903.txt,860814,1,2,1,1,that ,thefe ,men ,of ,"exalted
",genius (,hould ,in ,fome ,degree ,"ridicule, ",in ,their ,"works, ","the
",two ,other ,pofitive ,"religions, ",and 
3,0,682245,144133901.txt,688416,1,2,1,1,a ,fpecies ,of ,"compofition, ","which, ","tho’
",a ,great ,engine ,of ,"ridicule, ",is ,not ,confined ,to ,that ,"fub-
",jedt; ,for ,it 
6,0,682373,144133901.txt,688416,1,2,1,1,confider ,it ,as ,of ,the ,"utmoft
",dignity ,and ,importance. ,Though ,ridicule ,is ,the ,poet’,"s
","aim, ",he ,always ,carries ,a 
4,0,682270,144133901.txt,688416,1,1,1,1,that ,excites ,laughter ,"merely, ",and ,burlefque ,that ,"excites
",derifion ,or ,ridicule. ,A ,grave ,"fubjedt, ",in ,which ,"there
",is ,no ,"impropriety, "
1,0,328387,144133901.txt,688416,1,1,1,1,unlefs ,they ,are ,conduced ,"with
","judgment, ",are ,extremely ,liable ,to ,"ridicule.
","ANTIRRHINUM, ",in ,"botany, ",a ,genus ,of ,the ,"didy-
",namia 
2,0,417775,144133901.txt,688416,1,1,1,1,has ,"long
",ago ,become ,a ,juft ,fubjeCt ,of ,contempt ,and ,"ridicule.
","ASTRONOMICALS, ",a ,name ,fometimes ,given ,to ,"fex-
",agefimal ,fractions. 
5,0,682351,144133901.txt,688416,1,1,1,1,c.,f ,monks. ,"Boileau, ",the ,"author, ","turns
",the ,fubjedf ,into ,ridicule ,by ,drefling ,it ,in ,the ,"he¬
",roic ,ftyle; ,and 
14,1,472059,144133902.txt,981099,1,1,1,1,"every
",where ,heightened ,and ,exaggerated ,to ,afford ,the ,"more
",palpable ,"ridicule.
","FARCIN, ","Farcy, ",or ,"Fashions, ",in ,"farriery, ",a ,"creep¬
",ing 
15,1,699067,144133902.txt,981099,1,1,1,1,of ,things ,fo ,"dif-
","torted, ",as ,to ,raife ,furprize ,and ,"ridicule.
","GROTSKA, ",a ,city ,of ,"Silefia, ",and ,capital ,of ,a 
9,1,282565,144133902.txt,981099,1,1,1,1,no ,objection ; ,and ,we ,are ,"pecu¬
",liarly ,fenfible ,of ,the ,ridicule ,of ,our ,own ,"manners.
",After ,a ,proper ,fubjedt ,is 
8,0,682435,144133901.txt,688416,1,1,1,1,images ,deftroy ,the ,"contraft.
",Though ,the ,burlefque ,that ,aims ,at ,"ridicule, ","produ¬
",ces ,its ,effedts ,by ,elevating ,the ,ftyle ,far 
12,1,291533,144133902.txt,981099,1,1,1,1,to ,be ,the ,fubjedt ,of ,ridicule ; ,and ,"to
",punilh ,with ,ridicule ,the ,man ,who ,is ,guilty ,of ,an ,"abfurdi-
","ty, "
10,1,291257,144133902.txt,981099,1,1,1,1,would ,fingly ,be ,fufficient ,"to
",Recount ,for ,the ,pleafure ,of ,"ridicule, ",without ,"boyrowing
",any ,aid ,from ,contempt. ,Hence ,appears ,the 
