kwic_id,doc_id,doc_token_id,doc_file_name,token_count,hit_size,S1,S2,S3,L10,L9,L8,L7,L6,L5,L4,L3,L2,L1,R0,R1,R2,R3,R4,R5,R6,R7,R8,R9
15,2,520079,144133903.txt,860814,1,2,1,1,whilft ,the ,other ,"fide
",has ,a ,movement ,like ,that ,in ,laughter; ,the ,"eye, ",on ,"that
",fide ,where ,the ,teeth ,"appear, "
9,1,836643,144133902.txt,981099,1,2,1,1,"mankind, ","occa-
",fioned ,by ,fomething ,that ,tickles ,the ,"fancy.
",In ,"laughter, ",the ,eye-,brows ,are ,raifed ,about ,"the
","middle, ",and 
16,2,520116,144133903.txt,860814,1,1,1,1,"hatred, ",and ,"malice, ",the ,eye ,"brows
",are ,knit; ,"and, ",in ,"laughter, ",all ,the ,parts ,"agree, ","tending
",as ,it ,were ,towards 
18,1,836628,144133902.txt,981099,1,1,1,1,two ,miles ,fouth-,eaft ,of ,"E-
","dinburgh.
",LAVENDER. ,See ,"Lavendula.
","LAUGHTER, ",an ,affedtion ,peculiar ,to ,"mankind, ","occa-
",fioned ,by ,fomething 
8,1,815514,144133902.txt,981099,1,1,1,1,the ,"whole, ",is ,univerfally ,"under¬
",ftood ,by ,all ,mankind : ,thus ,laughter ,and ,mirth ,"univerfally
",exprefs ,chearfulnefs ,of ,mind; ,while ,"tears, "
13,2,166741,144133903.txt,860814,1,1,1,1,a ,ftrong ,pulfe; ,and ,others ,again ,break ,"out
",into ,immoderate ,"laughter, ","and, ",regaining ,their ,"voice, ","fay
",a ,great ,many ,filly 
14,2,466398,144133903.txt,860814,1,1,1,1,by ,an ,immoderate ,quantity ,of ,ftrong ,"liquors;
",cbeerfulnefs ,and ,loud ,laughter ,at ,"fird, ",than ,a ,"relaxa¬
",tion ,of ,the ,"limbs, "
11,2,107273,144133903.txt,860814,1,1,1,1,"a
",drawing ,of ,the ,hypochondria ,inwards ,and ,"upwards, ","an
",involuntary ,"laughter, ","convulfions, ",and ,"madnefs.
",This ,difeafe ,terminates ,as ,in ,a 
7,1,291501,144133902.txt,981099,1,1,1,1,In ,the ,fpe&,"ators, ",it ,is ,produdHte ,"of
",mirth ,and ,"laughter, ",excellent ,recreation ,in ,an ,"interval
",from ,bufinefs.' ,But ,tiiis 
12,2,113324,144133903.txt,860814,1,1,1,1,down ,theirthroat ,as ,greedily ,as ,if ,they ,defigned ,"to
",raife ,laughter ,in ,the ,"fpedtators.
",In ,a ,convulfive ,"paroxyfm, ",the ,limbs 
6,1,290916,144133902.txt,981099,1,1,1,1,corn. ,An ,impropriety ,"that
",thus ,moves ,not ,only ,contempt ,but ,"laughter, ",is ,"diftinguiffi-
",ed ,by ,the ,epithet ,of ,ridiculous ; ,and 
3,1,270838,144133902.txt,981099,1,1,1,1,have ,no ,"quarter, ",except ,where ,"purpofe-
]",y ,introduced ,to.,provoke ,laughter. ,"Lucian, ",in* ,his ,"dif-
",fertation ,upon ,hiftory. ,talking ,of 
1,0,682262,144133901.txt,688416,1,1,1,1,jedt; ,for ,it ,is ,clearly ,diftinguifhable ,into ,"burlefque
",that ,excites ,laughter ,"merely, ",and ,burlefque ,that ,"excites
",derifion ,or ,ridicule. ,A 
5,1,290874,144133902.txt,981099,1,1,1,1,by ,what ,follows. ,The ,emotions ,of ,"con¬
",tempt ,and ,of ,laughter ,occafioned ,by ,an ,impropriety ,"of
",this ,"kind, ",uniting ,intimately 
4,1,290836,144133902.txt,981099,1,1,1,1,But ,there ,are ,"improprieties, ",of ,the ,flighter ,"kind,
",that ,provoke ,laughter ; ,of ,which ,we ,have ,examples ,"with¬
",out ,"end, ",in 
17,2,626131,144133903.txt,860814,1,1,1,1,"literature, ",is ,that ,fpecies ,"of
","writing, ",which ,excites ,contempt ,with ,"laughter.
","RIDING, ",a ,divifion ,ofYoikfhire; ,of ,which ,there ,are ,"three,
"
10,2,3561,144133903.txt,860814,1,1,1,1,deputy ; ,at ,which ,the ,company ,broke ,out ,into ,a ,"great
","laughter, ",telling ,Abu ,Taleb ,that ,he ,muft ,now ,pay ,"obe¬
"
2,1,253729,144133902.txt,981099,1,1,1,1,the ,more ,he ,eats ,the ,fooner ,he ,is ,fit ,for {,laughter. ,"When
",their ,tafte ,for ,fuperfluity ,is ,fully ,"formed, ",when 
